{
    "train_loss": [
        0.9400249782108492,
        0.47414119830054624,
        0.1962684943310676,
        0.17924612111622287,
        0.12858321517705917,
        0.09704304774922709,
        0.0884471780830814,
        0.0818133736329694,
        0.07446042856862468,
        0.07055427290258869,
        0.06624864582573214,
        0.06381286608596001,
        0.0634800250972471,
        0.06196336664499775,
        0.062234348106768825
    ],
    "val_loss": [
        0.8158610619996723,
        0.25785657057636663,
        0.1421139718670594,
        0.1484049888033616,
        0.11359543549387079,
        0.10556616281208239,
        0.10112998007159484,
        0.09682684979940716,
        0.09405482070226419,
        0.09193715747249753,
        0.08965720746077989,
        0.08783360433421637,
        0.0873759237951354,
        0.0879848393562593,
        0.08831389111123587
    ]
}